-- phpMyAdmin SQL Dump
-- version 5.2.1
-- https://www.phpmyadmin.net/
--
-- Host: 127.0.0.1
-- Generation Time: Apr 22, 2025 at 04:29 AM
-- Server version: 10.4.32-MariaDB
-- PHP Version: 8.2.12

SET SQL_MODE = "NO_AUTO_VALUE_ON_ZERO";
START TRANSACTION;
SET time_zone = "+00:00";


/*!40101 SET @OLD_CHARACTER_SET_CLIENT=@@CHARACTER_SET_CLIENT */;
/*!40101 SET @OLD_CHARACTER_SET_RESULTS=@@CHARACTER_SET_RESULTS */;
/*!40101 SET @OLD_COLLATION_CONNECTION=@@COLLATION_CONNECTION */;
/*!40101 SET NAMES utf8mb4 */;

--
-- Database: `questionnaire_db`
--

-- --------------------------------------------------------

--
-- Table structure for table `answers`
--

CREATE TABLE `answers` (
  `answer_id` int(11) NOT NULL,
  `question_id` int(11) DEFAULT NULL,
  `answer_text` varchar(255) DEFAULT NULL
) ENGINE=InnoDB DEFAULT CHARSET=utf8mb4 COLLATE=utf8mb4_general_ci;

--
-- Dumping data for table `answers`
--

INSERT INTO `answers` (`answer_id`, `question_id`, `answer_text`) VALUES
(1, 1, 'Italian'),
(2, 1, 'German'),
(3, 1, 'French'),
(4, 1, 'Chinese'),
(5, 1, 'Spanish'),
(6, 2, 'Academic'),
(7, 2, 'Corporate'),
(8, 2, 'Small Business'),
(9, 2, 'Government'),
(10, 2, 'Not for profit'),
(11, 2, 'Not sure'),
(12, 3, 'Yes'),
(13, 3, 'Maybe'),
(14, 3, 'No'),
(15, 4, 'Definitely not'),
(16, 4, 'Probably not'),
(17, 4, 'Might or might not'),
(18, 4, 'Probably yes'),
(19, 4, 'Definitely yes'),
(20, 5, 'Yes'),
(21, 5, 'Maybe'),
(22, 5, 'No'),
(23, 6, 'Yes'),
(24, 6, 'Maybe'),
(25, 6, 'No'),
(26, 7, 'Team'),
(27, 7, 'I don\'t care'),
(28, 7, 'Alone'),
(29, 8, 'Teach, educate, train'),
(30, 8, 'Analyze, solve, think through'),
(31, 8, 'Communicate, convince, organize'),
(32, 9, 'Yes'),
(33, 9, 'Maybe'),
(34, 9, 'No'),
(35, 10, 'Yes'),
(36, 10, 'Maybe'),
(37, 10, 'No'),
(38, 11, 'Yes'),
(39, 11, 'Maybe'),
(40, 11, 'No');

-- --------------------------------------------------------

--
-- Table structure for table `jobs`
--

CREATE TABLE `jobs` (
  `job_id` int(11) NOT NULL,
  `job_title` varchar(255) NOT NULL,
  `job_description` text DEFAULT NULL,
  `alumni_stories` text DEFAULT NULL
) ENGINE=InnoDB DEFAULT CHARSET=utf8mb4 COLLATE=utf8mb4_unicode_ci;

--
-- Dumping data for table `jobs`
--

INSERT INTO `jobs` (`job_id`, `job_title`, `job_description`, `alumni_stories`) VALUES
(1, 'Translator/Interpreter', 'Translate languages and interpret in real-time.', 'This is where an alumni story would go.'),
(2, 'World Language Teacher', 'Teach students to understand and speak foreign languages.', ''),
(3, 'International Business Specialist', 'Specialize in international trade, investment, and relationships.', ''),
(4, 'Diplomat or Foreign Service Officer', 'Represent your country abroad, negotiate treaties and policies.', ''),
(5, 'Tourism and Travel Consultant', 'Assist clients in planning their travel and tourism activities.', ''),
(6, 'Public Relations Specialist', 'Manage communications between an organization and the public.', ''),
(7, 'Nonprofit/NGO Coordinator', 'Organize and manage activities in nonprofit or NGO sectors.', ''),
(8, 'Journalist or Foreign Correspondent', 'Report on news, often from foreign countries or regions.', ''),
(9, 'Cultural Program Director', 'Direct and oversee cultural programs or projects.', ''),
(10, 'International Aid Worker', 'Provide humanitarian aid and support in crisis situations.', ''),
(11, 'Fashion or Luxury Goods Specialist', 'Work in the fashion industry, often with high-end goods.', ''),
(12, 'Graduate Researcher or Professor', 'Conduct research and teach at the university level.', ''),
(13, 'French Teacher', 'A French Teacher is an educator who specializes in teaching the French language to students of various age groups and proficiency levels. They help students develop skills in speaking, reading, writing, and understanding French, often incorporating cultural elements such as French history, literature, and customs into their lessons. French teachers may work in primary or secondary schools, colleges, language institutes, or offer private tutoring, and they often design lesson plans, assess student progress, and encourage language immersion to enhance learning.', NULL),
(14, 'Language Specialist', 'A Language Specialist is a professional who works with one or more languages to support communication, translation, localization, or education. They may translate written or spoken content, interpret conversations, analyze linguistic patterns, or develop language learning materials. Language specialists often work in fields such as education, international business, government, or media, and their expertise helps bridge communication gaps across different languages and cultures. Their role may also involve ensuring linguistic accuracy and cultural relevance in various forms of communication.', NULL),
(15, 'Bilingual Customer Service Representative', 'A Bilingual Customer Service Representative assists customers in two or more languages, providing support through phone, email, chat, or in-person interactions. They help resolve issues, answer questions, process orders, and provide product or service information while ensuring a positive customer experience. Their ability to communicate fluently in multiple languages allows them to serve a diverse customer base and bridge language barriers, making them valuable in global companies, call centers, and customer-focused industries.', NULL),
(16, 'Study Abroad Coordinator', 'A Study Abroad Coordinator organizes and manages international study programs for students, helping them explore educational opportunities in other countries. They guide students through the application process, advise on academic requirements, coordinate travel and housing logistics, and ensure compliance with visa and institutional policies. Study Abroad Coordinators also collaborate with foreign universities and faculty to maintain strong partnerships and support students throughout their overseas experience, promoting global awareness and cross-cultural understanding.', NULL),
(17, 'Italian Language Specialist', 'An Italian Language Specialist is an expert in the Italian language who works in areas such as translation, interpretation, language instruction, or content localization. They ensure accurate and culturally appropriate communication in Italian, often translating documents, interpreting conversations, or teaching the language to learners. Italian Language Specialists may work in education, international business, tourism, or media, using their deep understanding of Italian grammar, vocabulary, and cultural nuances to support effective communication and cross-cultural exchange.', NULL),
(18, 'Italian Language Teacher (K-12)', 'An Italian Language Teacher (K-12) is an educator who teaches Italian to students from kindergarten through 12th grade. They design engaging lessons that help students develop skills in speaking, reading, writing, and understanding Italian, often incorporating cultural elements like Italian history, music, and traditions. These teachers assess student progress, adapt instruction to different learning levels, and foster an appreciation for Italian language and culture. They may work in public or private schools and often support extracurricular activities such as language clubs or cultural events.', NULL),
(19, 'Italian Immersion Program Instructor', 'An Italian Immersion Program Instructor teaches Italian entirely or primarily through the target language, creating an immersive environment to help students achieve fluency more naturally. They design and deliver lessons that integrate language learning with subjects like history, art, or daily life activities, encouraging students to think and communicate in Italian. These instructors often work in specialized language programs, schools, or cultural institutions, and play a key role in promoting deep linguistic and cultural understanding through hands-on, real-world learning experiences.', NULL),
(20, 'Italian Language Assessment Specialist', 'An Italian Language Assessment Specialist develops, administers, and evaluates tests to measure proficiency in the Italian language. They design assessments for listening, speaking, reading, and writing skills, ensuring they align with language standards such as the CEFR (Common European Framework of Reference for Languages). These specialists may work for educational institutions, testing organizations, or government agencies, and they play a critical role in certifying language skills for academic placement, professional qualifications, or immigration purposes. Their work ensures that assessments are fair, reliable, and culturally appropriate.', NULL),
(21, 'Curriculum Developer', 'A Curriculum Developer designs and creates educational programs and materials for schools, colleges, or training organizations. They work closely with educators and subject matter experts to develop lesson plans, instructional strategies, and assessments that align with educational standards and meet the needs of learners. Curriculum Developers often focus on ensuring that the content is engaging, effective, and adaptable to different learning styles. Their work may involve the integration of technology, creating educational resources, and evaluating the effectiveness of the curriculum to improve student outcomes.', NULL),
(22, 'Italian Cultural Education Coordinator', 'An Italian Cultural Education Coordinator is responsible for organizing and promoting educational programs that focus on Italian culture, history, and traditions. They develop and coordinate activities such as cultural workshops, language classes, events, and exhibitions that engage students and the community in learning about Italy\'s rich cultural heritage. These coordinators often collaborate with educational institutions, cultural organizations, and local communities to foster a deeper appreciation for Italian art, cuisine, music, and customs. Their role is key in creating immersive cultural experiences that enhance cross-cultural understanding.', NULL),
(23, 'Italian Language Lab Coordinator', 'An Italian Language Lab Coordinator manages and oversees language lab facilities dedicated to teaching Italian. They ensure that the lab is equipped with the necessary tools, software, and resources for effective language learning, such as audio-visual equipment, language learning apps, and interactive exercises. The coordinator may assist instructors in integrating technology into lessons, organize lab schedules, and provide support to students using the lab for independent study. They play a key role in creating a conducive environment for immersive language practice, helping students improve their Italian proficiency through interactive and self-paced learning.', NULL),
(24, 'Italian Language Tutor/Private Instructor', 'An Italian Language Tutor/Private Instructor provides personalized language instruction to individuals or small groups, tailoring lessons to the specific needs and goals of their students. They help learners improve their Italian language skills in areas such as speaking, listening, reading, writing, and grammar. These tutors often create custom lesson plans and provide focused practice based on the student\'s proficiency level, whether for academic purposes, travel, or professional development. They may work independently or through tutoring centers and often offer flexible scheduling to accommodate students\' availability.', NULL),
(25, 'Italian Textbook Author or Editor', 'An Italian Textbook Author or Editor is responsible for writing, developing, or editing educational materials focused on teaching the Italian language. Authors create comprehensive textbooks that cover grammar, vocabulary, reading comprehension, and cultural aspects of Italy, often targeting specific learning levels or goals. Editors review and refine the content to ensure clarity, accuracy, and pedagogical effectiveness, ensuring that the materials align with current educational standards. These professionals may work for publishing companies, educational institutions, or independently, contributing to the creation of textbooks, workbooks, and supplementary resources used by students and teachers.', NULL),
(26, 'Italian Language Program Administrator', 'An Italian Language Program Administrator oversees the development, management, and operation of Italian language programs in educational institutions, language schools, or cultural organizations. They are responsible for curriculum planning, faculty recruitment, scheduling, budgeting, and ensuring that the program meets academic standards and student needs. Additionally, they manage student enrollment, assess program outcomes, and coordinate extracurricular activities such as cultural events or language immersion trips. The administrator plays a key role in promoting the program, maintaining partnerships with Italian-speaking communities, and enhancing the overall learning experience for students.', NULL),
(27, 'Bilingual Education Specialist (Italian-English)', 'A Bilingual Education Specialist (Italian-English) is an educator or professional who specializes in teaching both Italian and English to students in bilingual or dual-language settings. They develop and implement instructional strategies that support language acquisition in both languages, helping students become proficient in Italian and English across speaking, reading, writing, and listening skills. These specialists often work in schools, language immersion programs, or educational institutions, focusing on creating inclusive learning environments that cater to students with diverse linguistic backgrounds. They also assess students\' language proficiency and provide tailored support to ensure academic success in both languages.', NULL),
(28, 'Italian Heritage Language Program Coordinator', 'An Italian Heritage Language Program Coordinator manages and oversees programs designed to teach Italian to individuals with Italian heritage who may speak it at home but wish to strengthen or reconnect with their language skills. They develop curricula that focus on both language proficiency and cultural preservation, integrating history, traditions, and cultural practices into lessons. The coordinator ensures that the program meets the specific needs of heritage learners, often working with community organizations, schools, or cultural centers. Their role includes recruiting students, organizing classes, and fostering a supportive environment that encourages the continued use and appreciation of the Italian language and culture within the heritage community.', NULL),
(29, 'Localization Specialist', 'A Localization Specialist is responsible for adapting content, products, or services to fit the cultural, linguistic, and functional needs of a specific target market or region. This includes translating text, adjusting graphics, and ensuring that all elements of a product (e.g., websites, software, marketing materials) align with local customs, legal requirements, and cultural preferences. Localization specialists work in a variety of industries, including technology, entertainment, e-commerce, and education, to ensure that content is not only accurately translated but also resonates with the local audience. They play a key role in expanding global reach by making content accessible and relevant in multiple languages and regions.', NULL),
(30, 'Marketing Specialist for Italian Brands', 'A Marketing Specialist for Italian Brands focuses on promoting and growing the presence of Italian brands in various markets. They develop and implement marketing strategies that highlight the unique qualities of Italian products, such as their design, craftsmanship, and cultural heritage. This role involves market research, campaign management, branding, and collaboration with international teams to tailor marketing efforts for different regions. The specialist may work on digital marketing, advertising, public relations, and events to strengthen the brand’s identity and reach potential customers. They ensure that marketing messages resonate with both local and global audiences, leveraging the appeal of Italian style and quality.', NULL),
(31, 'Tourism and Hospitality Manager', 'A Tourism and Hospitality Manager oversees the operations of businesses in the tourism and hospitality industry, such as hotels, resorts, travel agencies, or tour companies. They are responsible for ensuring a high-quality customer experience, managing staff, developing marketing strategies, and handling day-to-day operations like bookings, guest services, and event coordination. They also monitor budgets, maintain compliance with industry standards, and work to improve customer satisfaction and business performance. Tourism and Hospitality Managers may also collaborate with local businesses and attractions to promote destinations and enhance the overall visitor experience.', NULL),
(32, 'Food and Wine Industry Specialist', 'A Food and Wine Industry Specialist is an expert who works within the food and beverage sector, focusing on the production, distribution, and marketing of food and wine products. They may provide consulting services to wineries, restaurants, food producers, or retailers, advising on industry trends, quality control, sourcing, and pairing food with wine. They also help companies navigate regulatory requirements, create promotional campaigns, and enhance customer experiences. Specialists in this field often have in-depth knowledge of culinary arts, wine regions, tasting techniques, and the cultural significance of food and wine, and they work to bridge the gap between production and consumer demand.', NULL),
(33, 'Cultural Events Coordinator', 'A Cultural Events Coordinator organizes and manages events that celebrate or promote cultural traditions, art forms, or heritage. They plan and oversee activities such as festivals, performances, exhibitions, workshops, and community celebrations, ensuring that the events run smoothly and align with the cultural themes being highlighted. The coordinator works with artists, performers, sponsors, and local organizations to create engaging experiences for participants and audiences. Their responsibilities include logistics, budgeting, marketing, and ensuring that the event fosters cultural awareness and engagement within the community.', NULL),
(35, 'Social Media Specialist for Italian markets', 'A Social Media Specialist for Italian Markets focuses on creating, managing, and optimizing social media strategies specifically for Italian audiences. They develop content that resonates with local cultural preferences, trends, and language, ensuring that it aligns with the brand’s image and goals. This role involves monitoring social media platforms, engaging with followers, and analyzing performance metrics to drive audience growth and engagement. The specialist also adapts campaigns to regional specifics, leveraging popular Italian platforms and influencers to enhance brand visibility and engagement within the Italian market.', NULL),
(36, 'International Student Services Coordinator', 'An International Student Services Coordinator provides support and guidance to international students studying abroad. They assist with the visa application process, help students adjust to life in a new country, and offer resources for academic, social, and cultural integration. Their responsibilities include organizing orientation programs, advising on housing, employment, and legal matters, and connecting students with local resources. The coordinator also works to ensure students feel supported throughout their academic journey, promoting cross-cultural exchange and helping them navigate any challenges they may face while studying internationally.', NULL),
(37, 'Spanish Teacher', 'A Spanish Teacher is an educator who specializes in teaching the Spanish language to students of various age groups and proficiency levels. They help students develop skills in speaking, reading, writing, and understanding Spanish, often incorporating cultural aspects such as Spanish-speaking countries\' history, literature, and traditions into their lessons. Spanish teachers may work in primary or secondary schools, colleges, language institutes, or offer private tutoring. Their role includes creating lesson plans, assessing student progress, and fostering an appreciation for the language and culture.', NULL),
(38, 'Social Worker', 'A Social Worker is a professional who helps individuals, families, and communities overcome challenges and improve their well-being. They provide support in areas such as mental health, substance abuse, child welfare, and family services. Social workers assess the needs of their clients, create treatment plans, offer counseling, and connect individuals with resources like healthcare, housing, or financial assistance. They work in a variety of settings, including schools, hospitals, government agencies, and non-profit organizations.', NULL),
(39, 'Healthcare Administrator', 'A Healthcare Administrator manages the operations of healthcare facilities such as hospitals, clinics, nursing homes, or public health organizations. They are responsible for overseeing the daily activities, budgeting, staffing, and ensuring compliance with healthcare laws and regulations. Healthcare administrators work to improve the efficiency and quality of care provided to patients, managing both clinical and non-clinical departments. Their role often involves strategic planning, resource allocation, and coordinating with medical staff to optimize healthcare delivery. They may also handle patient relations, marketing, and the implementation of healthcare policies within the organization.', NULL),
(40, 'Hospitality Manager', 'A Hospitality Manager oversees the operations of businesses in the hospitality industry, such as hotels, resorts, restaurants, or event venues. They are responsible for ensuring a high level of customer satisfaction, managing staff, handling budgeting and financials, and maintaining the smooth running of daily operations. Hospitality managers often develop marketing strategies, ensure compliance with health and safety regulations, and coordinate events or services that enhance guest experiences. Their role involves problem-solving, leadership, and making decisions that improve the overall performance of the business while creating a welcoming and efficient environment for guests.', NULL),
(41, 'Immigration Lawyer', 'An Immigration Lawyer specializes in helping individuals navigate the complex legal processes involved in immigration. They provide legal advice and representation for clients seeking visas, green cards, citizenship, asylum, or other immigration-related matters. Immigration lawyers assist with paperwork, represent clients in hearings or appeals, and ensure compliance with immigration laws. They work with individuals, families, businesses, and sometimes government agencies, helping clients understand their rights and options while advocating for their best interests throughout the immigration process.', NULL),
(42, 'Writer', 'A Writer creates written content across a variety of mediums, including books, articles, blogs, scripts, advertisements, and more. Writers may specialize in different genres or fields, such as fiction, non-fiction, technical writing, journalism, marketing, or copywriting. Their work involves research, crafting compelling narratives, ensuring clarity and engagement, and tailoring content to specific audiences. Writers often collaborate with editors, publishers, or clients to refine their work and may also self-publish. Their role is central to communication, storytelling, and information sharing across multiple platforms.', NULL),
(43, 'Market Research Analyst', 'A Market Research Analyst studies market conditions to examine potential sales of a product or service. They gather and analyze data about consumers, competitors, and market trends to help companies make informed business decisions. Market research analysts use surveys, focus groups, interviews, and data analytics tools to collect information about consumer behavior, preferences, and purchasing habits. They interpret this data to identify opportunities, forecast future trends, and advise companies on pricing, marketing strategies, and product development to meet consumer demand and stay competitive in the market.', NULL),
(44, 'ESL (English as a Second Language) Teacher', 'An ESL (English as a Second Language) Teacher helps non-native speakers learn and improve their English language skills. They teach students how to read, write, speak, and understand English, often focusing on grammar, vocabulary, pronunciation, and communication strategies. ESL teachers work in a variety of settings, including schools, language institutes, or online platforms, and may teach students of different age groups and proficiency levels. Their role also involves assessing students\' progress, providing tailored lessons, and fostering an inclusive, supportive learning environment that encourages language acquisition and cultural adaptation.', NULL),
(45, 'EFL (English as a Foreign Language) Teacher', 'An EFL (English as a Foreign Language) Teacher teaches English to students whose first language is not English, typically in countries where English is not the native language. They help learners develop their speaking, listening, reading, and writing skills in English, often focusing on practical language use in real-life situations. EFL teachers design lessons that address grammar, vocabulary, pronunciation, and cultural understanding, and they may work with students of varying age groups and proficiency levels. These teachers often work abroad in schools, language centers, or private tutoring settings, adapting their teaching to the needs of students learning English as a foreign language.', NULL),
(46, 'K-12 ESL Teacher', 'A K-12 ESL Teacher teaches English to students from kindergarten through 12th grade whose first language is not English. They help students develop their skills in reading, writing, speaking, and listening to English while supporting their academic growth in other subjects. These teachers design lessons that focus on English language development, including grammar, vocabulary, pronunciation, and language comprehension, while also integrating cultural awareness. They create an inclusive, supportive classroom environment where students can practice English and adapt to the academic challenges of a new language. K-12 ESL teachers work closely with other educators to ensure students\' success and help them achieve fluency in English for both academic and social purposes.', NULL),
(47, 'Adult ESL Educator', 'An Adult ESL Educator teaches English to adult learners whose first language is not English. They focus on helping students improve their speaking, reading, writing, and listening skills to enhance their ability to communicate in everyday life, work environments, and academic settings. Adult ESL educators often work in community colleges, adult education centers, or language programs, offering flexible class schedules to accommodate learners\' work and family commitments. In addition to language skills, they may address cultural integration, workplace communication, and basic literacy to support adults in achieving their personal, professional, and educational goals.', NULL),
(48, 'Online English Teacher', 'An Online English Teacher teaches English to students remotely, using digital platforms such as video calls, webinars, or virtual classrooms. They may teach English as a second or foreign language (ESL/EFL) to learners of all ages and proficiency levels. These teachers create and deliver lessons that focus on improving speaking, listening, reading, and writing skills, often incorporating interactive activities, exercises, and multimedia resources. Online English teachers offer flexibility for students from around the world, adapting their teaching methods to different cultural backgrounds and learning styles. They may work for language schools, tutoring companies, or independently as freelancers.', NULL),
(49, 'English Language Instructor', 'An English Language Instructor teaches English to students, focusing on improving their skills in speaking, reading, writing, and listening. These instructors work with students of various ages and proficiency levels, helping them understand English grammar, vocabulary, pronunciation, and usage. English Language Instructors may teach in schools, universities, language institutes, or online, and often design lesson plans and activities that are engaging and tailored to the needs of their students. They may also help students prepare for standardized English language exams, such as TOEFL or IELTS, and provide support for academic or professional language development.', NULL),
(50, 'Academic English Instructor', 'An Academic English Instructor teaches English to students in higher education or academic settings, focusing on the skills needed for success in academic environments. They help students improve their reading, writing, speaking, and listening abilities, with an emphasis on academic language use, research skills, essay writing, critical thinking, and presenting ideas clearly. These instructors typically work in colleges or universities, preparing students for academic success, including standardized tests and assignments. They also guide students in understanding academic texts, writing research papers, and participating in scholarly discussions, ensuring that learners can communicate effectively in a formal academic context.', NULL),
(51, 'Corporate Language Trainer', 'A Corporate Language Trainer provides language instruction to employees within a corporate setting, helping them improve their language skills for professional communication. They may teach business-specific vocabulary, writing emails, participating in meetings, giving presentations, and understanding industry terminology in languages such as English, Spanish, French, or others. Corporate language trainers tailor their lessons to the specific needs of the company and its employees, focusing on enhancing communication, cross-cultural understanding, and productivity in the workplace. They may conduct group sessions, one-on-one training, or online courses to accommodate employees\' schedules and learning preferences.', NULL),
(52, 'Exam Preparation Coach', 'An Exam Preparation Coach helps students prepare for standardized English proficiency exams such as the TOEFL (Test of English as a Foreign Language) or IELTS (International English Language Testing System). They focus on improving test-takers\' skills in the four core areas of language proficiency: listening, speaking, reading, and writing, with strategies tailored to the specific format and requirements of each exam. The coach provides practice tests, tips for time management, and techniques for improving performance on each section. They also offer feedback on areas that need improvement and guide students on how to approach the exam confidently, helping them achieve their desired scores for university admissions, visas, or career opportunities.', NULL),
(53, 'Bilingual Healthcare Provider', 'Bilingual providers are especially valuable in regions with significant Spanish-speaking populations, as they improve patient communication and care quality without relying on interpreters.', NULL),
(54, 'Community Health Worker', 'Educate Spanish-speaking communities on health topics, facilitate healthcare access, and support preventative care efforts.', NULL),
(55, 'Healthcare Administration and Patient Advocacy', 'Support patients by helping them navigate the healthcare system, understand their rights, and access the services they need.', NULL),
(56, 'Public Health Professional', 'Public health workers focus on disease prevention and health promotion, using their language skills to create and deliver culturally relevant health education programs.', NULL),
(57, 'Medical Social Worker', 'Social workers with medical Spanish skills can assist Spanish-speaking patients and their families with counseling, discharge planning, and referrals to social services.', NULL),
(58, 'Health Educator or Outreach Coordinator', 'Health educators with Medical Spanish skills can develop bilingual materials and run educational sessions for Spanish-speaking communities.', NULL),
(59, 'Telehealth Specialist', 'Telehealth specialists with bilingual skills can provide direct care and support to Spanish-speaking patients in remote or underserved areas.', NULL);

-- --------------------------------------------------------

--
-- Table structure for table `jobweights`
--

CREATE TABLE `jobweights` (
  `job_id` int(11) NOT NULL,
  `answer_id` int(11) NOT NULL,
  `weight` tinyint(4) DEFAULT NULL
) ENGINE=InnoDB DEFAULT CHARSET=utf8mb4 COLLATE=utf8mb4_general_ci;

--
-- Dumping data for table `jobweights`
--

INSERT INTO `jobweights` (`job_id`, `answer_id`, `weight`) VALUES
(1, 1, 8),
(1, 2, 7),
(1, 3, 9),
(1, 4, 7),
(1, 5, 10),
(1, 6, 6),
(1, 7, 7),
(1, 8, 6),
(1, 9, 5),
(1, 10, 4),
(1, 11, 2),
(1, 15, 8),
(1, 22, 7),
(1, 26, 10),
(1, 27, 3),
(1, 30, 5),
(1, 33, 8),
(1, 34, 7),
(1, 35, 9),
(1, 37, 6),
(1, 38, 5),
(1, 39, 8),
(2, 1, 9),
(2, 2, 8),
(2, 3, 9),
(2, 4, 7),
(2, 5, 10),
(2, 6, 10),
(2, 9, 6),
(2, 10, 5),
(2, 11, 2),
(2, 16, 5),
(2, 22, 9),
(2, 26, 9),
(2, 27, 5),
(2, 30, 8),
(2, 33, 10),
(2, 34, 7),
(2, 35, 9),
(2, 37, 6),
(2, 38, 8),
(2, 39, 9),
(3, 1, 7),
(3, 2, 8),
(3, 3, 7),
(3, 4, 9),
(3, 5, 10),
(3, 7, 10),
(3, 8, 6),
(3, 9, 5),
(3, 11, 2),
(3, 15, 7),
(3, 22, 8),
(3, 26, 8),
(3, 27, 7),
(3, 30, 7),
(3, 33, 6),
(3, 34, 9),
(3, 35, 10),
(3, 37, 9),
(3, 38, 8),
(3, 39, 9),
(4, 1, 7),
(4, 2, 9),
(4, 3, 8),
(4, 4, 9),
(4, 5, 10),
(4, 6, 8),
(4, 9, 10),
(4, 10, 7),
(4, 16, 4),
(4, 22, 10),
(4, 26, 8),
(4, 27, 6),
(4, 30, 9),
(4, 33, 9),
(4, 34, 8),
(4, 35, 10),
(4, 37, 10),
(4, 38, 9),
(4, 39, 10),
(5, 1, 7),
(5, 2, 6),
(5, 3, 7),
(5, 4, 6),
(5, 5, 10),
(5, 7, 8),
(5, 8, 9),
(5, 10, 6),
(5, 11, 3),
(5, 15, 7),
(5, 22, 9),
(5, 26, 7),
(5, 27, 5),
(5, 30, 8),
(5, 33, 8),
(5, 34, 6),
(5, 35, 10),
(5, 37, 10),
(5, 38, 7),
(5, 39, 8),
(6, 1, 6),
(6, 2, 5),
(6, 3, 7),
(6, 4, 5),
(6, 5, 8),
(6, 7, 10),
(6, 8, 7),
(6, 10, 6),
(6, 11, 3),
(6, 15, 8),
(6, 22, 10),
(6, 26, 9),
(6, 27, 6),
(6, 30, 8),
(6, 33, 7),
(6, 34, 6),
(6, 35, 10),
(6, 37, 7),
(6, 38, 8),
(6, 39, 9),
(7, 1, 6),
(7, 2, 5),
(7, 3, 7),
(7, 4, 6),
(7, 5, 9),
(7, 6, 7),
(7, 9, 6),
(7, 10, 10),
(7, 11, 3),
(7, 15, 7),
(7, 22, 9),
(7, 26, 8),
(7, 27, 5),
(7, 30, 8),
(7, 33, 9),
(7, 34, 7),
(7, 35, 10),
(7, 37, 8),
(7, 38, 8),
(7, 39, 9),
(8, 1, 7),
(8, 2, 8),
(8, 3, 9),
(8, 4, 8),
(8, 5, 10),
(8, 6, 7),
(8, 7, 8),
(8, 10, 7),
(8, 11, 3),
(8, 15, 7),
(8, 22, 9),
(8, 26, 10),
(8, 27, 6),
(8, 30, 6),
(8, 33, 7),
(8, 34, 8),
(8, 35, 10),
(8, 37, 10),
(8, 38, 7),
(8, 39, 9),
(9, 1, 7),
(9, 2, 7),
(9, 3, 8),
(9, 4, 7),
(9, 5, 9),
(9, 6, 8),
(9, 7, 7),
(9, 9, 6),
(9, 10, 10),
(9, 11, 2),
(9, 16, 6),
(9, 22, 9),
(9, 26, 9),
(9, 27, 5),
(9, 30, 8),
(9, 33, 10),
(9, 34, 7),
(9, 35, 9),
(9, 37, 8),
(9, 38, 8),
(9, 39, 9),
(10, 1, 6),
(10, 2, 5),
(10, 3, 7),
(10, 4, 8),
(10, 5, 9),
(10, 6, 7),
(10, 7, 8),
(10, 9, 6),
(10, 10, 10),
(10, 11, 3),
(10, 15, 6),
(10, 22, 10),
(10, 26, 8),
(10, 27, 6),
(10, 30, 9),
(10, 33, 8),
(10, 34, 7),
(10, 35, 10),
(10, 37, 9),
(10, 38, 7),
(10, 39, 10),
(11, 1, 5),
(11, 2, 6),
(11, 3, 7),
(11, 4, 5),
(11, 5, 10),
(11, 7, 10),
(11, 8, 9),
(11, 9, 6),
(11, 10, 4),
(11, 11, 2),
(11, 15, 8),
(11, 22, 9),
(11, 26, 7),
(11, 27, 7),
(11, 30, 7),
(11, 33, 8),
(11, 34, 7),
(11, 35, 10),
(11, 37, 6),
(11, 38, 6),
(11, 39, 7),
(12, 1, 9),
(12, 2, 8),
(12, 3, 10),
(12, 4, 6),
(12, 5, 9),
(12, 6, 10),
(12, 7, 6),
(12, 9, 5),
(12, 10, 2),
(12, 11, 1),
(12, 15, 6),
(12, 22, 8),
(12, 26, 10),
(12, 27, 4),
(12, 30, 8),
(12, 33, 10),
(12, 34, 9),
(12, 35, 7),
(12, 37, 4),
(12, 38, 10),
(12, 39, 9),
(13, 1, 10),
(13, 2, 7),
(13, 3, 10),
(13, 4, 6),
(13, 5, 8),
(13, 6, 10),
(13, 7, 5),
(13, 9, 4),
(13, 10, 2),
(13, 11, 1),
(13, 15, 5),
(13, 22, 9),
(13, 26, 10),
(13, 27, 3),
(13, 30, 10),
(13, 33, 10),
(13, 34, 8),
(13, 35, 7),
(13, 37, 3),
(13, 38, 10),
(13, 39, 9),
(14, 1, 10),
(14, 2, 9),
(14, 3, 10),
(14, 4, 7),
(14, 5, 9),
(14, 6, 10),
(14, 7, 7),
(14, 9, 5),
(14, 10, 10),
(14, 11, 3),
(14, 15, 8),
(14, 22, 9),
(14, 26, 10),
(14, 27, 5),
(14, 30, 9),
(14, 33, 10),
(14, 34, 8),
(14, 35, 9),
(14, 37, 8),
(14, 38, 8),
(14, 39, 9),
(15, 1, 8),
(15, 2, 8),
(15, 3, 9),
(15, 4, 7),
(15, 5, 9),
(15, 6, 7),
(15, 7, 9),
(15, 8, 8),
(15, 9, 6),
(15, 10, 5),
(15, 11, 3),
(15, 15, 8),
(15, 22, 9),
(15, 26, 10),
(15, 27, 7),
(15, 30, 9),
(15, 33, 7),
(15, 34, 8),
(15, 35, 10),
(15, 37, 8),
(15, 38, 8),
(15, 39, 9),
(16, 1, 8),
(16, 2, 7),
(16, 3, 9),
(16, 4, 8),
(16, 5, 10),
(16, 6, 8),
(16, 7, 6),
(16, 9, 7),
(16, 10, 10),
(16, 11, 4),
(16, 15, 7),
(16, 22, 9),
(16, 26, 9),
(16, 27, 6),
(16, 30, 8),
(16, 33, 9),
(16, 34, 7),
(16, 35, 10),
(16, 37, 9),
(16, 38, 7),
(16, 39, 9),
(17, 1, 10),
(17, 2, 8),
(17, 3, 9),
(17, 4, 6),
(17, 5, 8),
(17, 6, 10),
(17, 7, 7),
(17, 9, 6),
(17, 10, 9),
(17, 11, 3),
(17, 15, 8),
(17, 22, 9),
(17, 26, 10),
(17, 27, 6),
(17, 30, 9),
(17, 33, 10),
(17, 34, 8),
(17, 35, 9),
(17, 37, 8),
(17, 38, 8),
(17, 39, 9),
(18, 1, 10),
(18, 2, 7),
(18, 3, 9),
(18, 4, 6),
(18, 5, 8),
(18, 6, 10),
(18, 7, 6),
(18, 9, 5),
(18, 10, 9),
(18, 11, 3),
(18, 15, 7),
(18, 22, 9),
(18, 26, 10),
(18, 27, 5),
(18, 30, 10),
(18, 33, 10),
(18, 34, 8),
(18, 35, 7),
(18, 37, 5),
(18, 38, 10),
(18, 39, 9),
(19, 1, 10),
(19, 2, 7),
(19, 3, 9),
(19, 4, 6),
(19, 5, 8),
(19, 6, 10),
(19, 7, 6),
(19, 9, 5),
(19, 10, 9),
(19, 11, 3),
(19, 15, 7),
(19, 22, 9),
(19, 26, 10),
(19, 27, 5),
(19, 30, 10),
(19, 33, 10),
(19, 34, 8),
(19, 35, 7),
(19, 37, 5),
(19, 38, 10),
(19, 39, 9),
(20, 1, 10),
(20, 2, 7),
(20, 3, 8),
(20, 4, 6),
(20, 5, 7),
(20, 6, 10),
(20, 7, 7),
(20, 9, 6),
(20, 10, 8),
(20, 11, 3),
(20, 15, 8),
(20, 22, 7),
(20, 26, 10),
(20, 27, 8),
(20, 30, 8),
(20, 33, 9),
(20, 34, 10),
(20, 35, 7),
(20, 37, 6),
(20, 38, 7),
(20, 39, 10),
(21, 1, 8),
(21, 2, 7),
(21, 3, 9),
(21, 4, 6),
(21, 5, 8),
(21, 6, 10),
(21, 7, 7),
(21, 9, 6),
(21, 10, 9),
(21, 11, 3),
(21, 15, 8),
(21, 22, 7),
(21, 26, 10),
(21, 27, 7),
(21, 30, 7),
(21, 33, 9),
(21, 34, 10),
(21, 35, 8),
(21, 37, 5),
(21, 38, 8),
(21, 39, 10),
(22, 1, 10),
(22, 2, 7),
(22, 3, 9),
(22, 4, 6),
(22, 5, 8),
(22, 6, 9),
(22, 7, 6),
(22, 9, 7),
(22, 10, 10),
(22, 11, 3),
(22, 15, 7),
(22, 22, 10),
(22, 26, 9),
(22, 27, 5),
(22, 30, 9),
(22, 33, 10),
(22, 34, 8),
(22, 35, 10),
(22, 37, 7),
(22, 38, 9),
(22, 39, 9),
(23, 1, 10),
(23, 2, 6),
(23, 3, 8),
(23, 4, 5),
(23, 5, 7),
(23, 6, 10),
(23, 7, 6),
(23, 9, 6),
(23, 10, 8),
(23, 11, 3),
(23, 15, 8),
(23, 22, 8),
(23, 26, 10),
(23, 27, 7),
(23, 30, 8),
(23, 33, 9),
(23, 34, 9),
(23, 35, 8),
(23, 37, 6),
(23, 38, 7),
(23, 39, 9),
(24, 1, 10),
(24, 2, 5),
(24, 3, 7),
(24, 4, 4),
(24, 5, 6),
(24, 6, 8),
(24, 8, 7),
(24, 10, 9),
(24, 11, 4),
(24, 15, 9),
(24, 22, 9),
(24, 26, 10),
(24, 27, 5),
(24, 30, 6),
(24, 31, 8),
(24, 32, 7),
(24, 33, 10),
(24, 34, 8),
(24, 35, 9),
(24, 37, 6),
(24, 38, 8),
(24, 39, 9),
(25, 1, 10),
(25, 2, 6),
(25, 3, 8),
(25, 4, 5),
(25, 5, 7),
(25, 6, 10),
(25, 7, 6),
(25, 9, 5),
(25, 10, 8),
(25, 11, 3),
(25, 15, 9),
(25, 21, 5),
(25, 26, 10),
(25, 27, 6),
(25, 31, 7),
(25, 33, 9),
(25, 34, 10),
(25, 35, 7),
(25, 37, 4),
(25, 38, 6),
(25, 39, 9),
(26, 1, 10),
(26, 2, 6),
(26, 3, 8),
(26, 4, 5),
(26, 5, 7),
(26, 6, 10),
(26, 7, 7),
(26, 9, 7),
(26, 10, 9),
(26, 11, 2),
(26, 15, 7),
(26, 22, 8),
(26, 26, 9),
(26, 27, 7),
(26, 30, 8),
(26, 33, 9),
(26, 34, 9),
(26, 35, 10),
(26, 37, 5),
(26, 38, 9),
(26, 39, 9),
(27, 1, 10),
(27, 2, 5),
(27, 3, 7),
(27, 4, 4),
(27, 5, 8),
(27, 6, 9),
(27, 7, 6),
(27, 8, 7),
(27, 9, 6),
(27, 10, 9),
(27, 11, 2),
(27, 15, 8),
(27, 22, 9),
(27, 26, 9),
(27, 27, 6),
(27, 30, 9),
(27, 33, 10),
(27, 34, 8),
(27, 35, 9),
(27, 37, 6),
(27, 38, 8),
(27, 39, 9),
(28, 1, 10),
(28, 2, 5),
(28, 3, 7),
(28, 4, 3),
(28, 5, 8),
(28, 6, 10),
(28, 8, 6),
(28, 9, 7),
(28, 10, 9),
(28, 11, 2),
(28, 15, 7),
(28, 22, 9),
(28, 26, 10),
(28, 27, 6),
(28, 30, 8),
(28, 33, 10),
(28, 34, 8),
(28, 35, 9),
(28, 37, 5),
(28, 38, 8),
(28, 39, 9),
(29, 1, 10),
(29, 2, 7),
(29, 3, 8),
(29, 4, 6),
(29, 5, 9),
(29, 6, 7),
(29, 7, 9),
(29, 8, 6),
(29, 9, 7),
(29, 10, 8),
(29, 11, 3),
(29, 15, 8),
(29, 22, 8),
(29, 26, 9),
(29, 27, 8),
(29, 30, 8),
(29, 33, 8),
(29, 34, 10),
(29, 35, 9),
(29, 37, 6),
(29, 38, 8),
(29, 39, 9),
(30, 1, 10),
(30, 2, 6),
(30, 3, 8),
(30, 4, 5),
(30, 5, 9),
(30, 6, 7),
(30, 7, 10),
(30, 8, 6),
(30, 9, 5),
(30, 10, 8),
(30, 11, 3),
(30, 15, 8),
(30, 22, 9),
(30, 26, 8),
(30, 27, 9),
(30, 30, 9),
(30, 33, 8),
(30, 34, 9),
(30, 35, 10),
(30, 37, 6),
(30, 38, 8),
(30, 39, 9),
(31, 1, 8),
(31, 2, 6),
(31, 3, 7),
(31, 4, 5),
(31, 5, 9),
(31, 6, 8),
(31, 7, 8),
(31, 8, 9),
(31, 9, 7),
(31, 10, 9),
(31, 11, 3),
(31, 15, 9),
(31, 22, 9),
(31, 26, 9),
(31, 27, 7),
(31, 30, 9),
(31, 33, 9),
(31, 34, 9),
(31, 35, 10),
(31, 37, 9),
(31, 38, 9),
(31, 39, 9),
(32, 1, 8),
(32, 2, 6),
(32, 3, 7),
(32, 4, 5),
(32, 5, 9),
(32, 6, 6),
(32, 7, 9),
(32, 8, 7),
(32, 9, 5),
(32, 10, 8),
(32, 11, 3),
(32, 15, 7),
(32, 22, 9),
(32, 26, 8),
(32, 27, 8),
(32, 30, 9),
(32, 33, 9),
(32, 34, 10),
(32, 35, 10),
(32, 37, 9),
(32, 38, 8),
(32, 39, 9),
(33, 1, 10),
(33, 2, 6),
(33, 3, 8),
(33, 4, 5),
(33, 5, 9),
(33, 6, 9),
(33, 7, 8),
(33, 8, 6),
(33, 9, 8),
(33, 10, 9),
(33, 11, 3),
(33, 15, 8),
(33, 22, 10),
(33, 26, 9),
(33, 27, 6),
(33, 30, 10),
(33, 33, 9),
(33, 34, 10),
(33, 35, 10),
(33, 37, 9),
(33, 38, 9),
(33, 39, 9),
(35, 1, 10),
(35, 2, 6),
(35, 3, 8),
(35, 4, 5),
(35, 5, 9),
(35, 6, 8),
(35, 7, 10),
(35, 8, 7),
(35, 9, 5),
(35, 10, 9),
(35, 11, 3),
(35, 15, 9),
(35, 22, 9),
(35, 26, 8),
(35, 27, 9),
(35, 30, 9),
(35, 33, 8),
(35, 34, 9),
(35, 35, 10),
(35, 37, 6),
(35, 38, 8),
(35, 39, 9),
(36, 1, 10),
(36, 2, 7),
(36, 3, 8),
(36, 4, 5),
(36, 5, 9),
(36, 6, 9),
(36, 7, 8),
(36, 8, 7),
(36, 9, 8),
(36, 10, 9),
(36, 11, 3),
(36, 15, 8),
(36, 22, 9),
(36, 26, 9),
(36, 27, 7),
(36, 30, 9),
(36, 33, 10),
(36, 34, 8),
(36, 35, 9),
(36, 37, 8),
(36, 38, 8),
(36, 39, 9),
(37, 1, 7),
(37, 2, 7),
(37, 3, 7),
(37, 4, 6),
(37, 5, 10),
(37, 6, 10),
(37, 7, 7),
(37, 8, 6),
(37, 9, 7),
(37, 10, 9),
(37, 11, 3),
(37, 15, 7),
(37, 22, 9),
(37, 26, 10),
(37, 27, 8),
(37, 30, 10),
(37, 33, 10),
(37, 34, 9),
(37, 35, 8),
(37, 37, 8),
(37, 38, 8),
(37, 39, 9),
(38, 1, 7),
(38, 2, 6),
(38, 3, 8),
(38, 4, 5),
(38, 5, 9),
(38, 6, 10),
(38, 7, 8),
(38, 8, 6),
(38, 9, 9),
(38, 10, 10),
(38, 11, 3),
(38, 15, 6),
(38, 22, 10),
(38, 26, 9),
(38, 27, 8),
(38, 30, 9),
(38, 33, 8),
(38, 34, 9),
(38, 35, 10),
(38, 37, 8),
(38, 38, 8),
(38, 39, 9),
(39, 1, 6),
(39, 2, 5),
(39, 3, 7),
(39, 4, 4),
(39, 5, 8),
(39, 6, 10),
(39, 7, 10),
(39, 8, 7),
(39, 9, 8),
(39, 10, 9),
(39, 11, 3),
(39, 15, 7),
(39, 22, 8),
(39, 26, 9),
(39, 27, 10),
(39, 30, 9),
(39, 33, 8),
(39, 34, 9),
(39, 35, 9),
(39, 37, 8),
(39, 38, 9),
(39, 39, 9),
(40, 1, 7),
(40, 2, 5),
(40, 3, 8),
(40, 4, 6),
(40, 5, 9),
(40, 6, 8),
(40, 7, 10),
(40, 8, 9),
(40, 9, 7),
(40, 10, 9),
(40, 11, 3),
(40, 15, 8),
(40, 22, 9),
(40, 26, 9),
(40, 27, 7),
(40, 30, 9),
(40, 33, 10),
(40, 34, 10),
(40, 35, 9),
(40, 37, 9),
(40, 38, 8),
(40, 39, 9),
(41, 1, 6),
(41, 2, 5),
(41, 3, 8),
(41, 4, 7),
(41, 5, 9),
(41, 6, 10),
(41, 7, 10),
(41, 8, 7),
(41, 9, 8),
(41, 10, 9),
(41, 11, 3),
(41, 15, 7),
(41, 22, 9),
(41, 26, 9),
(41, 27, 8),
(41, 30, 8),
(41, 33, 9),
(41, 34, 10),
(41, 35, 9),
(41, 37, 9),
(41, 38, 8),
(41, 39, 9),
(42, 1, 7),
(42, 2, 7),
(42, 3, 7),
(42, 4, 7),
(42, 5, 7),
(42, 6, 10),
(42, 7, 7),
(42, 8, 6),
(42, 9, 7),
(42, 10, 8),
(42, 11, 3),
(42, 15, 6),
(42, 22, 10),
(42, 26, 10),
(42, 27, 7),
(42, 30, 9),
(42, 33, 10),
(42, 34, 10),
(42, 35, 10),
(42, 37, 8),
(42, 38, 8),
(42, 39, 9),
(43, 1, 6),
(43, 2, 5),
(43, 3, 7),
(43, 4, 6),
(43, 5, 9),
(43, 6, 10),
(43, 7, 10),
(43, 8, 7),
(43, 9, 9),
(43, 10, 8),
(43, 11, 3),
(43, 15, 8),
(43, 22, 8),
(43, 26, 9),
(43, 27, 10),
(43, 30, 8),
(43, 33, 9),
(43, 34, 10),
(43, 35, 9),
(43, 37, 9),
(43, 38, 8),
(43, 39, 10),
(44, 1, 8),
(44, 2, 7),
(44, 3, 10),
(44, 4, 6),
(44, 5, 9),
(44, 6, 10),
(44, 7, 9),
(44, 8, 7),
(44, 9, 8),
(44, 10, 9),
(44, 11, 3),
(44, 15, 8),
(44, 22, 10),
(44, 26, 10),
(44, 27, 8),
(44, 30, 9),
(44, 33, 10),
(44, 34, 9),
(44, 35, 10),
(44, 37, 8),
(44, 38, 8),
(44, 39, 9),
(45, 1, 8),
(45, 2, 7),
(45, 3, 10),
(45, 4, 6),
(45, 5, 9),
(45, 6, 10),
(45, 7, 9),
(45, 8, 7),
(45, 9, 8),
(45, 10, 9),
(45, 11, 3),
(45, 15, 8),
(45, 22, 10),
(45, 26, 10),
(45, 27, 8),
(45, 30, 9),
(45, 33, 10),
(45, 34, 9),
(45, 35, 10),
(45, 37, 8),
(45, 38, 8),
(45, 39, 9),
(46, 1, 8),
(46, 2, 7),
(46, 3, 8),
(46, 4, 6),
(46, 5, 9),
(46, 6, 10),
(46, 7, 9),
(46, 8, 7),
(46, 9, 8),
(46, 10, 9),
(46, 11, 3),
(46, 15, 8),
(46, 22, 10),
(46, 26, 10),
(46, 27, 8),
(46, 30, 9),
(46, 33, 10),
(46, 34, 9),
(46, 35, 10),
(46, 37, 8),
(46, 38, 8),
(46, 39, 9),
(47, 5, 4),
(47, 10, 3),
(47, 13, 2),
(47, 19, 4),
(47, 20, 3),
(47, 24, 2),
(47, 26, 3),
(47, 29, 4),
(47, 30, 2),
(47, 31, 3),
(47, 33, 1),
(47, 35, 3),
(47, 39, 2),
(48, 1, 8),
(48, 2, 7),
(48, 3, 10),
(48, 4, 6),
(48, 5, 9),
(48, 6, 10),
(48, 7, 9),
(48, 8, 7),
(48, 9, 8),
(48, 10, 9),
(48, 11, 3),
(48, 15, 10),
(48, 22, 10),
(48, 26, 10),
(48, 27, 8),
(48, 30, 9),
(48, 33, 10),
(48, 34, 9),
(48, 35, 10),
(48, 37, 9),
(48, 38, 8),
(48, 39, 9),
(49, 1, 8),
(49, 2, 7),
(49, 3, 10),
(49, 4, 6),
(49, 5, 9),
(49, 6, 10),
(49, 7, 9),
(49, 8, 7),
(49, 9, 8),
(49, 10, 9),
(49, 11, 3),
(49, 15, 10),
(49, 22, 10),
(49, 26, 10),
(49, 27, 8),
(49, 30, 9),
(49, 33, 10),
(49, 34, 9),
(49, 35, 10),
(49, 37, 9),
(49, 38, 8),
(49, 39, 9),
(50, 6, 4),
(50, 13, 2),
(50, 18, 3),
(50, 20, 4),
(50, 24, 1),
(50, 26, 3),
(50, 29, 4),
(50, 30, 3),
(50, 31, 3),
(50, 33, 2),
(50, 35, 3),
(50, 39, 2),
(51, 1, 8),
(51, 2, 7),
(51, 3, 9),
(51, 4, 6),
(51, 5, 10),
(51, 6, 7),
(51, 7, 10),
(51, 8, 7),
(51, 9, 7),
(51, 10, 8),
(51, 11, 3),
(51, 15, 10),
(51, 22, 10),
(51, 26, 10),
(51, 27, 10),
(51, 30, 8),
(51, 33, 9),
(51, 34, 10),
(51, 35, 10),
(51, 37, 10),
(51, 38, 8),
(51, 39, 9),
(52, 1, 8),
(52, 2, 7),
(52, 3, 9),
(52, 4, 6),
(52, 5, 10),
(52, 6, 10),
(52, 7, 9),
(52, 8, 7),
(52, 9, 7),
(52, 10, 8),
(52, 11, 3),
(52, 15, 10),
(52, 22, 10),
(52, 26, 10),
(52, 27, 10),
(52, 30, 8),
(52, 33, 10),
(52, 34, 10),
(52, 35, 10),
(52, 37, 10),
(52, 38, 8),
(52, 39, 9),
(53, 1, 7),
(53, 2, 6),
(53, 3, 8),
(53, 4, 7),
(53, 5, 9),
(53, 6, 9),
(53, 7, 9),
(53, 8, 8),
(53, 9, 9),
(53, 10, 7),
(53, 11, 4),
(53, 15, 9),
(53, 22, 8),
(53, 26, 8),
(53, 27, 9),
(53, 30, 8),
(53, 33, 8),
(53, 34, 9),
(53, 35, 9),
(53, 37, 8),
(53, 38, 9),
(53, 39, 9),
(54, 1, 6),
(54, 2, 5),
(54, 3, 8),
(54, 4, 7),
(54, 5, 10),
(54, 6, 9),
(54, 7, 9),
(54, 8, 9),
(54, 9, 8),
(54, 10, 10),
(54, 11, 5),
(54, 15, 9),
(54, 22, 9),
(54, 26, 8),
(54, 27, 9),
(54, 30, 9),
(54, 33, 9),
(54, 34, 8),
(54, 35, 9),
(54, 37, 8),
(54, 38, 9),
(54, 39, 10),
(55, 1, 5),
(55, 2, 4),
(55, 3, 8),
(55, 4, 7),
(55, 5, 10),
(55, 6, 10),
(55, 7, 10),
(55, 8, 8),
(55, 9, 9),
(55, 10, 10),
(55, 11, 5),
(55, 15, 8),
(55, 22, 8),
(55, 26, 9),
(55, 27, 9),
(55, 30, 9),
(55, 33, 9),
(55, 34, 9),
(55, 35, 9),
(55, 37, 8),
(55, 38, 9),
(55, 39, 10),
(56, 1, 5),
(56, 2, 4),
(56, 3, 8),
(56, 4, 7),
(56, 5, 10),
(56, 6, 10),
(56, 7, 10),
(56, 8, 8),
(56, 9, 9),
(56, 10, 10),
(56, 11, 5),
(56, 15, 8),
(56, 22, 8),
(56, 26, 9),
(56, 27, 9),
(56, 30, 9),
(56, 33, 9),
(56, 34, 9),
(56, 35, 9),
(56, 37, 8),
(56, 38, 9),
(56, 39, 10),
(57, 1, 5),
(57, 2, 4),
(57, 3, 8),
(57, 4, 7),
(57, 5, 10),
(57, 6, 10),
(57, 7, 10),
(57, 8, 8),
(57, 9, 9),
(57, 10, 10),
(57, 11, 5),
(57, 15, 8),
(57, 22, 9),
(57, 26, 9),
(57, 27, 9),
(57, 30, 9),
(57, 33, 9),
(57, 34, 9),
(57, 35, 9),
(57, 37, 8),
(57, 38, 9),
(57, 39, 10),
(58, 1, 5),
(58, 2, 4),
(58, 3, 8),
(58, 4, 7),
(58, 5, 10),
(58, 6, 10),
(58, 7, 10),
(58, 8, 8),
(58, 9, 9),
(58, 10, 10),
(58, 11, 5),
(58, 15, 8),
(58, 22, 9),
(58, 26, 9),
(58, 27, 9),
(58, 30, 9),
(58, 33, 9),
(58, 34, 9),
(58, 35, 9),
(58, 37, 8),
(58, 38, 9),
(58, 39, 10),
(59, 1, 5),
(59, 2, 4),
(59, 3, 8),
(59, 4, 7),
(59, 5, 10),
(59, 6, 10),
(59, 7, 9),
(59, 8, 8),
(59, 9, 9),
(59, 10, 10),
(59, 11, 5),
(59, 15, 8),
(59, 22, 9),
(59, 26, 9),
(59, 27, 9),
(59, 30, 9),
(59, 33, 9),
(59, 34, 9),
(59, 35, 9),
(59, 37, 8),
(59, 38, 9),
(59, 39, 10);

-- --------------------------------------------------------

--
-- Table structure for table `questions`
--

CREATE TABLE `questions` (
  `question_id` int(11) NOT NULL,
  `question_text` varchar(255) DEFAULT NULL,
  `multiple_choice` tinyint(1) DEFAULT NULL
) ENGINE=InnoDB DEFAULT CHARSET=utf8mb4 COLLATE=utf8mb4_general_ci;

--
-- Dumping data for table `questions`
--

INSERT INTO `questions` (`question_id`, `question_text`, `multiple_choice`) VALUES
(1, 'What language are you learning/do you already know?', 1),
(2, 'Which sector could you imagine yourself in?', 1),
(3, 'Would you like to work remotely?', 0),
(4, 'Are you a \'people\' person? (chatty, outgoing)', 0),
(5, 'Do you like to work with texts (reading, writing, editing, etc.)?', 0),
(6, 'Do you like to work with numbers?', 0),
(7, 'Do you like to work in a team or do you prefer to work alone?', 0),
(8, 'Do you like to (check all that apply):', 1),
(9, 'Do you like to travel?', 0),
(10, 'Do you consider yourself a problem solver?', 0),
(11, 'Are you a leader?', 0);

--
-- Indexes for dumped tables
--

--
-- Indexes for table `answers`
--
ALTER TABLE `answers`
  ADD PRIMARY KEY (`answer_id`),
  ADD KEY `question_id` (`question_id`);

--
-- Indexes for table `jobs`
--
ALTER TABLE `jobs`
  ADD PRIMARY KEY (`job_id`);

--
-- Indexes for table `jobweights`
--
ALTER TABLE `jobweights`
  ADD PRIMARY KEY (`job_id`,`answer_id`),
  ADD KEY `answer_id` (`answer_id`);

--
-- Indexes for table `questions`
--
ALTER TABLE `questions`
  ADD PRIMARY KEY (`question_id`);

--
-- AUTO_INCREMENT for dumped tables
--

--
-- AUTO_INCREMENT for table `answers`
--
ALTER TABLE `answers`
  MODIFY `answer_id` int(11) NOT NULL AUTO_INCREMENT, AUTO_INCREMENT=41;

--
-- AUTO_INCREMENT for table `jobs`
--
ALTER TABLE `jobs`
  MODIFY `job_id` int(11) NOT NULL AUTO_INCREMENT, AUTO_INCREMENT=60;

--
-- AUTO_INCREMENT for table `questions`
--
ALTER TABLE `questions`
  MODIFY `question_id` int(11) NOT NULL AUTO_INCREMENT, AUTO_INCREMENT=12;

--
-- Constraints for dumped tables
--

--
-- Constraints for table `answers`
--
ALTER TABLE `answers`
  ADD CONSTRAINT `answers_ibfk_1` FOREIGN KEY (`question_id`) REFERENCES `questions` (`question_id`);

--
-- Constraints for table `jobweights`
--
ALTER TABLE `jobweights`
  ADD CONSTRAINT `jobweights_ibfk_1` FOREIGN KEY (`job_id`) REFERENCES `jobs` (`job_id`),
  ADD CONSTRAINT `jobweights_ibfk_2` FOREIGN KEY (`answer_id`) REFERENCES `answers` (`answer_id`);
COMMIT;

/*!40101 SET CHARACTER_SET_CLIENT=@OLD_CHARACTER_SET_CLIENT */;
/*!40101 SET CHARACTER_SET_RESULTS=@OLD_CHARACTER_SET_RESULTS */;
/*!40101 SET COLLATION_CONNECTION=@OLD_COLLATION_CONNECTION */;
